year,entity,amount,source
2011,FAO,1500342346.0,ceb
2011,IAEA,522306338.0,ceb
2011,ICAO,212854153.0,ceb
2011,IFAD,935562000.0,ceb
2011,ILO,634617031.0,ceb
2011,IMO,70976929.0,ceb
2011,IOM,1309709889.0,ceb
2011,ITC,86996000.0,ceb
2011,ITU,207808258.0,ceb
2011,PAHO,836321196.0,ceb
2011,UN,4356846000.0,ceb
2011,UN Tourism,23254811.0,ceb
2011,UN Women,198315000.0,ceb
2011,UN-DPO,7573730000.0,ceb
2011,UN-Habitat,226340264.0,ceb
2011,UNAIDS,320801000.0,ceb
2011,UNDP,5516013890.0,ceb
2011,UNEP,611372969.0,ceb
2011,UNESCO,937842181.0,ceb
2011,UNFPA,824500000.0,ceb
2011,UNHCR,2181099628.0,ceb
2011,UNICEF,3793737000.0,ceb
2011,UNIDO,245597643.0,ceb
2011,UNITAR,22351310.0,ceb
2011,UNODC,239197187.0,ceb
2011,UNOPS,76042471.0,ceb
2011,UNRWA,617275000.0,ceb
2011,UNU,55155000.0,ceb
2011,UPU,56837037.0,ceb
2011,WFP,4181022630.0,ceb
2011,WHO,2514503652.0,ceb
2011,WIPO,340952040.0,ceb
2011,WMO,83419459.0,ceb
2011,WTO,230501369.0,ceb
2012,FAO,1343397572.0,ceb
2012,IAEA,591755992.0,ceb
2012,ICAO,220499361.0,ceb
2012,IFAD,186158000.0,ceb
2012,ILO,629255294.0,ceb
2012,IMO,80008589.0,ceb
2012,IOM,1230643863.0,ceb
2012,ITC,76227000.0,ceb
2012,ITU,215242739.0,ceb
2012,PAHO,908104309.0,ceb
2012,UN,4204720880.0,ceb
2012,UN Tourism,23898875.0,ceb
2012,UN Women,235880070.0,ceb
2012,UN-DPO,7544235000.0,ceb
2012,UN-Habitat,180441000.0,ceb
2012,UNAIDS,279913491.0,ceb
2012,UNDP,5244435060.0,ceb
2012,UNEP,479042027.0,ceb
2012,UNESCO,806166489.0,ceb
2012,UNFPA,810710695.0,ceb
2012,UNHCR,2305929272.0,ceb
2012,UNICEF,3613225500.0,ceb
2012,UNIDO,315344389.0,ceb
2012,UNITAR,21032470.0,ceb
2012,UNODC,265618288.0,ceb
2012,UNOPS,676615000.0,ceb
2012,UNRWA,664041435.0,ceb
2012,UNU,62403000.0,ceb
2012,UPU,74012429.0,ceb
2012,WFP,4450012777.0,ceb
2012,WHO,2079963406.0,ceb
2012,WIPO,352672429.0,ceb
2012,WMO,92718581.0,ceb
2012,WTO,263241761.0,ceb
2013,FAO,1379994161.0,ceb
2013,IAEA,630242601.0,ceb
2013,ICAO,231416933.0,ceb
2013,IFAD,186908000.0,ceb
2013,ILO,723820287.0,ceb
2013,IMO,78688695.0,ceb
2013,IOM,1232654268.0,ceb
2013,ITC,79353000.0,ceb
2013,ITU,218892602.0,ceb
2013,PAHO,1070222402.0,ceb
2013,UN,4310389620.0,ceb
2013,UN Tourism,25115563.0,ceb
2013,UN Women,264104992.0,ceb
2013,UN-DPO,7273147000.0,ceb
2013,UN-Habitat,168201000.0,ceb
2013,UNAIDS,295195415.0,ceb
2013,UNDP,5244451435.0,ceb
2013,UNEP,601965053.0,ceb
2013,UNESCO,813871576.0,ceb
2013,UNFPA,913340299.0,ceb
2013,UNHCR,2704187100.0,ceb
2013,UNICEF,4082101464.0,ceb
2013,UNIDO,330774686.0,ceb
2013,UNITAR,21129527.0,ceb
2013,UNODC,257637712.0,ceb
2013,UNOPS,703639000.0,ceb
2013,UNRWA,710501246.0,ceb
2013,UNU,66854000.0,ceb
2013,UPU,76015020.0,ceb
2013,WFP,4767693118.0,ceb
2013,WHO,2260998329.0,ceb
2013,WIPO,379346424.0,ceb
2013,WMO,86004836.0,ceb
2013,WTO,305493746.25,ceb
2014,FAO,1245513131.0,ceb
2014,IAEA,580516029.0,ceb
2014,ICAO,222196722.0,ceb
2014,IFAD,183085000.0,ceb
2014,ILO,611326402.0,ceb
2014,IMO,69895725.0,ceb
2014,IOM,1464906834.0,ceb
2014,ITC,88418000.0,ceb
2014,ITU,188090957.0,ceb
2014,PAHO,1645688652.0,ceb
2014,UN,5144651100.0,ceb
2014,UN Tourism,24764456.0,ceb
2014,UN Women,270537896.0,ceb
2014,UN-DPO,7862742000.0,ceb
2014,UN-Habitat,196083000.0,ceb
2014,UNAIDS,295725197.0,ceb
2014,UNDP,5314299948.0,ceb
2014,UNEP,563301860.0,ceb
2014,UNESCO,802165655.0,ceb
2014,UNFPA,1002115396.0,ceb
2014,UNHCR,3360740751.0,ceb
2014,UNICEF,4540398309.0,ceb
2014,UNIDO,232720432.0,ceb
2014,UNITAR,23737000.0,ceb
2014,UNODC,325421373.0,ceb
2014,UNOPS,666675000.0,ceb
2014,UNRWA,1298494000.0,ceb
2014,UNU,75608000.0,ceb
2014,UPU,63245715.0,ceb
2014,WFP,4996778314.0,ceb
2014,WHO,2316590813.0,ceb
2014,WIPO,337594738.0,ceb
2014,WMO,98226832.0,ceb
2014,WTO,255176057.0,ceb
2015,FAO,1219235388.0,ceb
2015,IAEA,570543764.0,ceb
2015,ICAO,194803847.0,ceb
2015,IFAD,168226000.0,ceb
2015,ILO,658908917.0,ceb
2015,IMO,68054803.0,ceb
2015,IOM,1594121668.0,ceb
2015,ITC,102654000.0,ceb
2015,ITU,191833045.0,ceb
2015,PAHO,1379321927.0,ceb
2015,UN,5613139905.0,ceb
2015,UN Tourism,27013663.0,ceb
2015,UN Women,314974000.0,ceb
2015,UN-DPO,8759159000.0,ceb
2015,UN-Habitat,167062016.0,ceb
2015,UNAIDS,293936807.0,ceb
2015,UNDP,5057413898.0,ceb
2015,UNEP,559703000.0,ceb
2015,UNESCO,762491041.0,ceb
2015,UNFPA,977375687.0,ceb
2015,UNHCR,3278871762.0,ceb
2015,UNICEF,5077601656.0,ceb
2015,UNIDO,244140762.0,ceb
2015,UNITAR,23473000.0,ceb
2015,UNODC,278919255.0,ceb
2015,UNOPS,671526000.0,ceb
2015,UNRWA,1333774841.0,ceb
2015,UNU,74632000.0,ceb
2015,UPU,79265758.0,ceb
2015,WFP,4893472393.0,ceb
2015,WHO,2738660315.0,ceb
2015,WIPO,351839000.0,ceb
2015,WMO,102471241.0,ceb
2015,WTO,247027181.0,ceb
2016,FAO,1201818140.0,ceb
2016,IAEA,549644351.0,ceb
2016,ICAO,192346640.0,ceb
2016,IFAD,169727000.0,ceb
2016,ILO,674937000.0,ceb
2016,IMO,57821457.0,ceb
2016,IOM,1602307417.0,ceb
2016,ITC,91197000.0,ceb
2016,ITU,183604878.0,ceb
2016,PAHO,1363470773.0,ceb
2016,UN,5713034000.0,ceb
2016,UN Tourism,23171332.0,ceb
2016,UN Women,339801000.0,ceb
2016,UN-DPO,8876176000.0,ceb
2016,UN-Habitat,186433318.0,ceb
2016,UNAIDS,181750055.0,ceb
2016,UNDP,4659525828.0,ceb
2016,UNEP,561342000.0,ceb
2016,UNESCO,663683714.0,ceb
2016,UNFPA,922517792.0,ceb
2016,UNHCR,3846924119.0,ceb
2016,UNICEF,5427255034.0,ceb
2016,UNIDO,235511425.0,ceb
2016,UNITAR,23854000.0,ceb
2016,UNODC,241906000.0,ceb
2016,UNOPS,769873000.0,ceb
2016,UNRWA,1316762306.0,ceb
2016,UNU,89986553.0,ceb
2016,UPU,77403536.0,ceb
2016,WFP,5355409043.0,ceb
2016,WHO,2471062278.0,ceb
2016,WIPO,347037074.0,ceb
2016,WMO,98226341.0,ceb
2016,WTO,249234708.0,ceb
2017,CTBTO,124931880.0,ceb
2017,FAO,1531753306.0,ceb
2017,IAEA,642585424.0,ceb
2017,ICAO,215225968.0,ceb
2017,ICC,186698415.0,ceb
2017,IFAD,188817000.0,ceb
2017,ILO,640794735.0,ceb
2017,IMO,71238649.0,ceb
2017,IOM,1605352909.0,ceb
2017,ITC,88210000.0,ceb
2017,ITU,200015337.13,ceb
2017,PAHO,1435096541.0,ceb
2017,UN,5790918528.0,ceb
2017,UN Tourism,27201861.0,ceb
2017,UN Women,338615000.0,ceb
2017,UN-DPO,8263932000.0,ceb
2017,UN-Habitat,197483176.0,ceb
2017,UNAIDS,173371100.0,ceb
2017,UNCDF,64585908.0,ceb
2017,UNDP,5094775419.0,ceb
2017,UNEP,562234566.0,ceb
2017,UNESCO,688169870.0,ceb
2017,UNFCCC,95353834.0,ceb
2017,UNFPA,926869317.0,ceb
2017,UNHCR,3942839988.0,ceb
2017,UNICEF,5843812313.0,ceb
2017,UNIDO,299180198.0,ceb
2017,UNITAR,28129041.0,ceb
2017,UNODC,308703000.0,ceb
2017,UNOPS,815855396.0,ceb
2017,UNRWA,1310443631.0,ceb
2017,UNSSC,10027597.0,ceb
2017,UNU,107838582.0,ceb
2017,UPU,82854834.0,ceb
2017,WFP,6224010883.0,ceb
2017,WHO,2680744796.0,ceb
2017,WIPO,403729039.0,ceb
2017,WMO,107891616.0,ceb
2017,WTO,257713702.0,ceb
2018,CTBTO,127564070.0,ceb
2018,FAO,1454768694.3,ceb
2018,IAEA,641027397.3,ceb
2018,IARC,46483337.9,ceb
2018,ICAO,229964200.7,ceb
2018,ICC,176976518.3,ceb
2018,IFAD,193082000.0,ceb
2018,ILO,624826077.0,ceb
2018,IMO,63760456.38,ceb
2018,IOM,1841571956.0,ceb
2018,ITC,98687491.0,ceb
2018,ITU,186793313.1,ceb
2018,OPCW,84194436.07,ceb
2018,PAHO,1299479539.0,ceb
2018,UN,6238507587.54,ceb
2018,UN Tourism,21123147.58,ceb
2018,UN Women,380260000.04,ceb
2018,UN-DPO,7987831960.61,ceb
2018,UN-Habitat,185747457.16,ceb
2018,UNAIDS,184336897.0,ceb
2018,UNCDF,60853360.76,ceb
2018,UNDP,5096825461.0,ceb
2018,UNEP,558532205.8,ceb
2018,UNESCO,682012889.0,ceb
2018,UNFCCC,91157673.0,ceb
2018,UNFPA,1086021579.9,ceb
2018,UNHCR,4063979955.08,ceb
2018,UNICEF,5918587378.0,ceb
2018,UNIDO,279463696.0,ceb
2018,UNITAID,216329000.0,ceb
2018,UNITAR,28584000.0,ceb
2018,UNODC,332270000.0,ceb
2018,UNOPS,923666350.35,ceb
2018,UNRWA,1190222772.0,ceb
2018,UNSSC,9741572.0,ceb
2018,UNU,90538190.0,ceb
2018,UPU,75172437.69500001,ceb
2018,WFP,6789054399.1,ceb
2018,WHO,2500048502.0,ceb
2018,WIPO,355663225.04,ceb
2018,WMO,96634245.19,ceb
2018,WTO,263483282.68,ceb
2019,ACABQ,4610200.0,secretariat
2019,AMISOM,18222660.0,secretariat
2019,ASM-AQMT,5397800.0,secretariat
2019,BINUH,3357050.0,secretariat
2019,BOA,3783400.0,secretariat
2019,CEB,989400.0,secretariat
2019,CMP-CYPRUS,483400.0,secretariat
2019,CNMC,3621310.0,secretariat
2019,COC,273900.0,secretariat
2019,CONS,102036700.0,secretariat
2019,CPC,421200.0,secretariat
2019,CTBTO,117462825.0,ceb
2019,CTED,11101370.0,secretariat
2019,DCO,157108260.0,secretariat
2019,DESA,135491210.0,secretariat
2019,DEV-ACCT,14199400.0,secretariat
2019,DGACM,327230940.0,secretariat
2019,DGC,95633810.0,secretariat
2019,DHIP,194700.0,secretariat
2019,DMSPC,141131390.0,secretariat
2019,DOS,176708420.0,secretariat
2019,DPO,120174200.0,secretariat
2019,DPPA,82459920.0,secretariat
2019,DSS,128126330.0,secretariat
2019,ECA,104690860.0,secretariat
2019,ECCC,6287000.0,secretariat
2019,ECE,54562620.0,secretariat
2019,ECLAC,72754420.0,secretariat
2019,EO,3338300.0,secretariat
2019,EOSG,38390010.0,secretariat
2019,ESCAP,73896570.0,secretariat
2019,ESCWA,45074310.0,secretariat
2019,FAO,1584375032.22,ceb
2019,GA,2966900.0,secretariat
2019,GoE-DRC,1140800.0,secretariat
2019,HSU,8909920.0,secretariat
2019,IAAC,498600.0,secretariat
2019,IAEA,636895089.3,ceb
2019,IARC,48360015.63,ceb
2019,ICAO,231676903.4,ceb
2019,ICC,179393673.0,ceb
2019,ICJ,26396840.0,secretariat
2019,ICSC,3452200.0,secretariat
2019,IFAD,185838000.0,ceb
2019,IIIM,9346980.0,secretariat
2019,IIMM,5123600.0,secretariat
2019,ILO,704861145.8,ceb
2019,IMO,60224453.47,ceb
2019,IOM,2096318813.69,ceb
2019,ITC,118952000.0,ceb
2019,ITLOS,11875667.41059154,ceb
2019,ITU,250912720.0,ceb
2019,JIU,1851600.0,secretariat
2019,JPO,48924780.0,secretariat
2019,MICT,96494350.0,secretariat
2019,MINUJUSTH,121266600.0,secretariat
2019,MINURSO,52315100.0,secretariat
2019,MINUSCA,901863260.0,secretariat
2019,MINUSMA,1119304190.0,secretariat
2019,MONUSCO,1194520240.0,secretariat
2019,MPTF-HTI,5531000.0,secretariat
2019,MPTF-PBF,156110890.0,secretariat
2019,OAJ,9474200.0,secretariat
2019,OCHA,1759449680.0,secretariat
2019,OCT,33937100.0,secretariat
2019,ODA,24149640.0,secretariat
2019,ODET,1854630.0,secretariat
2019,OHCHR,301717530.0,secretariat
2019,OICT,64503000.0,secretariat
2019,OIOS,50262350.0,secretariat
2019,OJSRS,15061200.0,secretariat
2019,OLA,32163190.0,secretariat
2019,OMBUD,5923600.0,secretariat
2019,OMBUD-RES1904,560100.0,secretariat
2019,OOSA,5334870.0,secretariat
2019,OPCW,86323021.21,ceb
2019,OPGA,2132540.0,secretariat
2019,OSAA,5333770.0,secretariat
2019,OSASG-Cyprus,2116900.0,secretariat
2019,OSESG-FG,6514600.0,secretariat
2019,OSESG-GL,5029830.0,secretariat
2019,OSESG-Horn,1650800.0,secretariat
2019,OSESG-Myanmar,1077100.0,secretariat
2019,OSESG-SCRES1559,242200.0,secretariat
2019,OSESG-Yemen,16560900.0,secretariat
2019,OSLA,242300.0,secretariat
2019,OSRSG Migration,-77680.0,secretariat
2019,OSRSG-CAAC,3666180.0,secretariat
2019,OSRSG-SVC,4511600.0,secretariat
2019,OSRSG-VAC,2807040.0,secretariat
2019,OTHER,212460.0,secretariat
2019,PAHO,1104921000.0,ceb
2019,PESG-WS,192000.0,secretariat
2019,POE-DPRK,3103900.0,secretariat
2019,POE-MALI,991400.0,secretariat
2019,POE-SOMALIA,1655800.0,secretariat
2019,PoE-CAR,1095900.0,secretariat
2019,PoE-Libya,1264200.0,secretariat
2019,PoE-S.Sudan,1126600.0,secretariat
2019,PoE-Sudan,1047200.0,secretariat
2019,PoE-Yemen,1889900.0,secretariat
2019,RSCE,32031600.0,secretariat
2019,RSCSL,2423000.0,secretariat
2019,SASG-PGENOCIDE,1832500.0,secretariat
2019,SC-RES1540,2469100.0,secretariat
2019,SC-RES2231,1634600.0,secretariat
2019,STA,265531520.0,secretariat
2019,SWEO,12980.0,secretariat
2019,Special Expenses,71960900.0,secretariat
2019,UN Tourism,22159445.47,ceb
2019,UN Women,430415699.98,ceb
2019,UN-Habitat,365758710.68,ceb
2019,UN-OHRLLS,7298000.0,secretariat
2019,UNAIDS,190726910.0,ceb
2019,UNAKRT,13031700.0,secretariat
2019,UNAMA,143711640.0,secretariat
2019,UNAMI,112446630.0,secretariat
2019,UNAMID,715015750.0,secretariat
2019,UNAOC,4096010.0,secretariat
2019,UNCDF,73573294.7,ceb
2019,UNCTAD,108842990.0,secretariat
2019,UNDOF,59037100.0,secretariat
2019,UNDP,4923673210.0,ceb
2019,UNDRR,36661560.0,secretariat
2019,UNEP,615871916.11,ceb
2019,UNESCO,639527167.0,ceb
2019,UNFCCC,91656612.0,ceb
2019,UNFICYP,51556900.0,secretariat
2019,UNFPA,1130202247.5,ceb
2019,UNGC,5344000.0,secretariat
2019,UNHCR,4258261680.0,ceb
2019,UNICEF,6202896276.5695,ceb
2019,UNIDIR,4732640.0,secretariat
2019,UNIDO,291853037.7,ceb
2019,UNIFIL,474375900.0,secretariat
2019,UNIOGBIS,15123600.0,secretariat
2019,UNISFA,259766300.0,secretariat
2019,UNITAD,20385380.0,secretariat
2019,UNITAID,242026000.0,ceb
2019,UNITAR,28941142.88,ceb
2019,UNJSPB,7158400.0,secretariat
2019,UNLB,82078800.0,secretariat
2019,UNMAS,113173980.0,secretariat
2019,UNMHA,50917100.0,secretariat
2019,UNMIK,37191700.0,secretariat
2019,UNMISS,1150107090.0,secretariat
2019,UNMOGIP,9404800.0,secretariat
2019,UNOAU,9270300.0,secretariat
2019,UNOCA,7542000.0,secretariat
2019,UNODC,397749062.9,ceb
2019,UNOG,97397580.0,secretariat
2019,UNON,17025600.0,secretariat
2019,UNOP,19503870.0,secretariat
2019,UNOPS,1190259904.0,ceb
2019,UNOV,19296300.0,secretariat
2019,UNOWAS,12617600.0,secretariat
2019,UNRCCA,2651200.0,secretariat
2019,UNRGID,1716700.0,secretariat
2019,UNRISD,2349910.0,secretariat
2019,UNRWA,1173131446.0,ceb
2019,UNRoD,3538970.0,secretariat
2019,UNSCO,8652100.0,secretariat
2019,UNSCOL,8430900.0,secretariat
2019,UNSMIL,77554700.0,secretariat
2019,UNSOM,97890930.0,secretariat
2019,UNSOS,557428620.0,secretariat
2019,UNSSC,11478500.0,ceb
2019,UNTSO,35495300.0,secretariat
2019,UNU,75812727.0,ceb
2019,UNVMC,68304100.0,secretariat
2019,UPU,81622406.149,ceb
2019,VRA,1130470.0,secretariat
2019,WFP,7770847127.58,ceb
2019,WHO,3087801000.0,ceb
2019,WIPO,387497258.63,ceb
2019,WMO,101411282.05,ceb
2019,WTO,261310806.81,ceb
2020,ACABQ,5220146.0,secretariat
2020,AMISOM,15924565.0,secretariat
2020,ASM-AQMT,5909357.0,secretariat
2020,BINUH,20036530.0,secretariat
2020,BOA,3489880.0,secretariat
2020,CEB,1145603.0,secretariat
2020,CMP-CYPRUS,441450.0,secretariat
2020,CNMC,4211000.0,secretariat
2020,COC,36407.0,secretariat
2020,CONS,72693614.0,secretariat
2020,CPC,20597.0,secretariat
2020,CTBTO,113298823.0,ceb
2020,CTED,10795582.0,secretariat
2020,DCO,207882871.0,secretariat
2020,DESA,120452260.0,secretariat
2020,DEV-ACCT,14199400.0,secretariat
2020,DGACM,323495888.0,secretariat
2020,DGC,100899851.0,secretariat
2020,DHIP,48093.0,secretariat
2020,DMSPC,141962696.0,secretariat
2020,DOS,191853368.0,secretariat
2020,DPO,105081624.0,secretariat
2020,DPPA,81116726.0,secretariat
2020,DSS,124763564.0,secretariat
2020,ECA,95188982.0,secretariat
2020,ECCC,7000000.0,secretariat
2020,ECE,50898169.0,secretariat
2020,ECLAC,69720859.0,secretariat
2020,EO,3120950.0,secretariat
2020,EOSG,34552790.0,secretariat
2020,ESCAP,73820341.0,secretariat
2020,ESCWA,44490650.0,secretariat
2020,FAO,1550512909.6361659,ceb
2020,GA,1902458.0,secretariat
2020,GoE-DRC,1286010.0,secretariat
2020,HSU,9098269.0,secretariat
2020,IAAC,383032.0,secretariat
2020,IAEA,671034355.8,ceb
2020,IARC,53895347.24,ceb
2020,ICAO,168394389.04850945,ceb
2020,ICC,191354716.5358,ceb
2020,ICJ,25740652.0,secretariat
2020,ICSC,3425453.0,secretariat
2020,IFAD,190620000.0,ceb
2020,IIIM,18307266.0,secretariat
2020,IIMM,10819610.0,secretariat
2020,ILO,644063591.521254,ceb
2020,IMO,68551673.3873,ceb
2020,IOM,2178037649.0214305,ceb
2020,ITC,131295000.0,ceb
2020,ITLOS,11919957.06,ceb
2020,ITU,246469593.47799236,ceb
2020,JIU,2028703.0,secretariat
2020,JPO,42681600.0,secretariat
2020,MICT,85776068.0,secretariat
2020,MINUJUSTH,38694400.0,secretariat
2020,MINURSO,55734000.0,secretariat
2020,MINUSCA,896283590.0,secretariat
2020,MINUSMA,1147842482.0,secretariat
2020,MONUSCO,1036086567.0,secretariat
2020,MPTF-CVD,62926199.0,secretariat
2020,MPTF-HTI,4104154.0,secretariat
2020,MPTF-PBF,156369960.0,secretariat
2020,OAJ,10089208.0,secretariat
2020,OCHA,1978315407.0,secretariat
2020,OCT,35780921.0,secretariat
2020,ODA,23390203.0,secretariat
2020,ODET,1218508.0,secretariat
2020,OHCHR,297735994.0,secretariat
2020,OICT,70682488.0,secretariat
2020,OIOS,49749423.0,secretariat
2020,OJSRS,15516902.0,secretariat
2020,OLA,28602205.0,secretariat
2020,OMBUD,5826660.0,secretariat
2020,OMBUD-RES1904,557849.0,secretariat
2020,OOSA,4875605.0,secretariat
2020,OPCW,88600299.39,ceb
2020,OPGA,1354547.0,secretariat
2020,OSAA,5726740.0,secretariat
2020,OSESG-FG,7200836.0,secretariat
2020,OSESG-GL,4352653.0,secretariat
2020,OSESG-Horn,1429234.0,secretariat
2020,OSESG-Myanmar,937165.0,secretariat
2020,OSESG-SCRES1559,341941.0,secretariat
2020,OSESG-Yemen,18049454.0,secretariat
2020,OSLA,182700.0,secretariat
2020,OSRSG Migration,-2989.0,secretariat
2020,OSRSG-CAAC,3014732.0,secretariat
2020,OSRSG-SVC,3526808.0,secretariat
2020,OSRSG-VAC,2288608.0,secretariat
2020,OTHER,9770773.0,secretariat
2020,PAHO,1182006000.0,ceb
2020,PESG-WS,9630.0,secretariat
2020,POE-DPRK,2783674.0,secretariat
2020,POE-MALI,1045851.0,secretariat
2020,POE-SOMALIA,1752336.0,secretariat
2020,PoE-CAR,1170365.0,secretariat
2020,PoE-Libya,1299637.0,secretariat
2020,PoE-S.Sudan,1164680.0,secretariat
2020,PoE-Sudan,1054769.0,secretariat
2020,PoE-Yemen,2077258.0,secretariat
2020,RSCE,36800300.0,secretariat
2020,RSCSL,2410114.0,secretariat
2020,SASG-Cyp,2469215.0,secretariat
2020,SASG-PGENOCIDE,1698928.0,secretariat
2020,SC-RES1540,2874671.0,secretariat
2020,SC-RES2231,1661383.0,secretariat
2020,STA,261827180.0,secretariat
2020,SWEO,18830.0,secretariat
2020,Special Expenses,80657246.0,secretariat
2020,UN Tourism,23811839.053427905,ceb
2020,UN Women,449202094.091,ceb
2020,UN-Habitat,298022009.86,ceb
2020,UN-OHRLLS,5889644.0,secretariat
2020,UNAIDS,191535514.0,ceb
2020,UNAKRT,10732439.0,secretariat
2020,UNAMA,135324776.0,secretariat
2020,UNAMI,103812754.0,secretariat
2020,UNAMID,509718766.0,secretariat
2020,UNAOC,3658832.0,secretariat
2020,UNCDF,81669567.71,ceb
2020,UNCTAD,100385534.0,secretariat
2020,UNDOF,60927100.0,secretariat
2020,UNDP,5021893659.49,ceb
2020,UNDRR,28234561.0,secretariat
2020,UNEP,512980362.76,ceb
2020,UNESCO,578300617.0,ceb
2020,UNFCCC,73229083.0,ceb
2020,UNFICYP,49393840.0,secretariat
2020,UNFPA,1228101620.4160986,ceb
2020,UNGC,5877992.0,secretariat
2020,UNHCR,4432455082.893,ceb
2020,UNICEF,6283252271.64,ceb
2020,UNIDIR,6044685.0,secretariat
2020,UNIDO,284549906.826211,ceb
2020,UNIFIL,479886100.0,secretariat
2020,UNIOGBIS,15577713.0,secretariat
2020,UNISFA,259010300.0,secretariat
2020,UNITAD,28242230.0,secretariat
2020,UNITAID,257250000.0,ceb
2020,UNITAMS,1427933.0,secretariat
2020,UNITAR,34679033.48,ceb
2020,UNJSPB,4867521.0,secretariat
2020,UNLB,63266500.0,secretariat
2020,UNMAS,60055436.0,secretariat
2020,UNMHA,46716574.0,secretariat
2020,UNMIK,37239895.0,secretariat
2020,UNMISS,1182647334.0,secretariat
2020,UNMOGIP,9851178.0,secretariat
2020,UNOAU,9583638.0,secretariat
2020,UNOCA,7166615.0,secretariat
2020,UNODC,355685889.38,ceb
2020,UNOG,79807480.0,secretariat
2020,UNON,20761248.0,secretariat
2020,UNOP,16865019.0,secretariat
2020,UNOPS,1140724892.04941,ceb
2020,UNOV,19036022.0,secretariat
2020,UNOWAS,12408085.0,secretariat
2020,UNRCCA,2861998.0,secretariat
2020,UNRGID,1649075.0,secretariat
2020,UNRISD,2401420.0,secretariat
2020,UNROD,2804869.0,secretariat
2020,UNRWA,1127619220.4,ceb
2020,UNRoD,119157.0,secretariat
2020,UNSCO,8876880.0,secretariat
2020,UNSCOL,8826867.0,secretariat
2020,UNSMIL,71631396.0,secretariat
2020,UNSOM,102082464.0,secretariat
2020,UNSOS,522490200.0,secretariat
2020,UNSSC,11610875.0,ceb
2020,UNTSO,34814876.0,secretariat
2020,UNU,70736556.0,ceb
2020,UNV,28952238.139999997,ceb
2020,UNVMC,59354756.0,secretariat
2020,UPU,95597653.449233,ceb
2020,VRA,824751.0,secretariat
2020,WFP,8199933387.918462,ceb
2020,WHO,3561304772.0,ceb
2020,WIPO,377934362.23,ceb
2020,WMO,94908267.27161081,ceb
2020,WTO,289073673.81,ceb
2021,ACABQ,6127094.0,secretariat
2021,AMISOM,9888315.0,secretariat
2021,ASM-AQMT,5184100.0,secretariat
2021,BINUH,20616010.0,secretariat
2021,BOA,3433117.0,secretariat
2021,CEB,1539452.0,secretariat
2021,CMP-CYPRUS,460977.0,secretariat
2021,CNMC,5708882.0,secretariat
2021,COC,249812.0,secretariat
2021,CONS,84213409.0,secretariat
2021,CPC,216647.0,secretariat
2021,CTBTO,115961255.0,ceb
2021,CTED,10136667.0,secretariat
2021,DCO,219775395.0,secretariat
2021,DESA,127653793.0,secretariat
2021,DEV-ACCT,15199400.0,secretariat
2021,DGACM,309327619.0,secretariat
2021,DGC,97328751.0,secretariat
2021,DHIP,1253.0,secretariat
2021,DMSPC,137312819.0,secretariat
2021,DOS,196064503.0,secretariat
2021,DPO,116355862.0,secretariat
2021,DPPA,81501771.0,secretariat
2021,DSS,124841785.0,secretariat
2021,ECA,91543037.0,secretariat
2021,ECCC,6682373.0,secretariat
2021,ECE,55955217.0,secretariat
2021,ECLAC,70521803.0,secretariat
2021,EO,2961093.0,secretariat
2021,EOSG,40667320.0,secretariat
2021,ESCAP,73134223.0,secretariat
2021,ESCWA,52311064.0,secretariat
2021,FAO,1653704076.0049436,ceb
2021,GA,1776862.0,secretariat
2021,GoE-DRC,992800.0,secretariat
2021,HSU,11025856.0,secretariat
2021,IAAC,362519.0,secretariat
2021,IAEA,631248581.2,ceb
2021,IARC,50661507.38,ceb
2021,ICAO,189407586.90330234,ceb
2021,ICC,174957054.65294,ceb
2021,ICJ,27627500.0,secretariat
2021,ICSC,4106799.0,secretariat
2021,IFAD,208731000.0,ceb
2021,IIIM,15953087.0,secretariat
2021,IIMM,12370721.0,secretariat
2021,ILO,773491577.19,ceb
2021,IMO,66520035.040455006,ceb
2021,IOM,2532100079.59,ceb
2021,ISA,8324591.0,ceb
2021,ITC,150872000.0,ceb
2021,ITLOS,42878727.58,ceb
2021,ITU,208102141.01999998,ceb
2021,JIU,2412945.0,secretariat
2021,JPO,44958799.0,secretariat
2021,MICT,88611301.0,secretariat
2021,MINURSO,56239800.0,secretariat
2021,MINUSCA,937014407.0,secretariat
2021,MINUSMA,1114379040.0,secretariat
2021,MONUSCO,1002122032.0,secretariat
2021,MPTF-CVD,22191642.0,secretariat
2021,MPTF-HTI,1848716.0,secretariat
2021,MPTF-PBF,204555248.0,secretariat
2021,OAJ,11551233.0,secretariat
2021,OCHA,1684798711.0,secretariat
2021,OCT,51292429.0,secretariat
2021,ODA,22271100.0,secretariat
2021,ODET,139.0,secretariat
2021,OHCHR,324519309.0,secretariat
2021,OICT,73204170.0,secretariat
2021,OIOS,49836362.0,secretariat
2021,OJSRS,12497086.0,secretariat
2021,OLA,30825360.0,secretariat
2021,OMBUD,5591466.0,secretariat
2021,OMBUD-RES1904,529800.0,secretariat
2021,OOSA,5201747.0,secretariat
2021,OPCW,81543888.51,ceb
2021,OPGA,1898574.0,secretariat
2021,OSAA,5908926.0,secretariat
2021,OSASG-Cyprus,2745900.0,secretariat
2021,OSCS,618815.0,secretariat
2021,OSESG-FG,3351200.0,secretariat
2021,OSESG-GL,4382990.0,secretariat
2021,OSESG-Horn,1594900.0,secretariat
2021,OSESG-Myanmar,1669667.0,secretariat
2021,OSESG-SCRES1559,335200.0,secretariat
2021,OSESG-Yemen,16726300.0,secretariat
2021,OSLA,184600.0,secretariat
2021,OSRSG-CAAC,3414824.0,secretariat
2021,OSRSG-SVC,4150166.0,secretariat
2021,OSRSG-VAC,2979918.0,secretariat
2021,OTHER,1178669.0,secretariat
2021,PAHO,1649456763.0,ceb
2021,PESG-WS,109600.0,secretariat
2021,POE-DPRK,2823200.0,secretariat
2021,POE-MALI,665100.0,secretariat
2021,POE-SOMALIA,1591400.0,secretariat
2021,PoE-CAR,746000.0,secretariat
2021,PoE-Libya,1096000.0,secretariat
2021,PoE-S.Sudan,651900.0,secretariat
2021,PoE-Sudan,909000.0,secretariat
2021,PoE-Yemen,1860700.0,secretariat
2021,RSCE,37696900.0,secretariat
2021,RSCSL,2483477.0,secretariat
2021,SASG-PGENOCIDE,2094500.0,secretariat
2021,SC-RES1540,2508500.0,secretariat
2021,SC-RES2231,1294200.0,secretariat
2021,STA,269359125.0,secretariat
2021,STL,15503355.0,secretariat
2021,SWEO,3.0,secretariat
2021,Special Expenses,82106733.0,secretariat
2021,UN Tourism,26096317.570202697,ceb
2021,UN Women,540199482.956924,ceb
2021,UN-Habitat,356474130.31,ceb
2021,UN-OHRLLS,8111262.0,secretariat
2021,UNAIDS,208742347.0,ceb
2021,UNAKRT,10007582.0,secretariat
2021,UNAMA,136670455.0,secretariat
2021,UNAMI,97116935.0,secretariat
2021,UNAMID,477464225.0,secretariat
2021,UNAOC,4406909.0,secretariat
2021,UNCCD,18589043.0,ceb
2021,UNCDF,97104949.499,ceb
2021,UNCTAD,112023081.0,secretariat
2021,UNDOF,60282300.0,secretariat
2021,UNDP,5353793427.0,ceb
2021,UNDRR,44248648.0,secretariat
2021,UNEP,649712125.73,ceb
2021,UNESCO,688073748.0,ceb
2021,UNFCCC,93551315.0,ceb
2021,UNFICYP,51726309.0,secretariat
2021,UNFPA,1300677929.72,ceb
2021,UNGC,6141149.0,secretariat
2021,UNHCR,4692352152.262,ceb
2021,UNICEF,6958973182.41,ceb
2021,UNICRI,8936125.28,ceb
2021,UNIDIR,6892579.0,secretariat
2021,UNIDO,299751825.9517424,ceb
2021,UNIFIL,468733300.0,secretariat
2021,UNIOGBIS,587400.0,secretariat
2021,UNISFA,263187500.0,secretariat
2021,UNITAD,33533852.0,secretariat
2021,UNITAID,362137000.0,ceb
2021,UNITAMS,30362600.0,secretariat
2021,UNITAR,40129126.15,ceb
2021,UNJSPB,4895877.0,secretariat
2021,UNLB,62053100.0,secretariat
2021,UNMAS,69515340.0,secretariat
2021,UNMHA,24944500.0,secretariat
2021,UNMIK,39682803.0,secretariat
2021,UNMISS,1172660332.0,secretariat
2021,UNMOGIP,9429353.0,secretariat
2021,UNOAU,9456156.0,secretariat
2021,UNOCA,7285400.0,secretariat
2021,UNODC,371018092.13000005,ceb
2021,UNOG,85915357.0,secretariat
2021,UNON,17855356.0,secretariat
2021,UNOP,22437730.0,secretariat
2021,UNOPS,1145198024.82,ceb
2021,UNOV,20340327.0,secretariat
2021,UNOWAS,13608400.0,secretariat
2021,UNRCCA,3016900.0,secretariat
2021,UNRGID,1757800.0,secretariat
2021,UNRISD,3017695.0,secretariat
2021,UNRWA,1206677223.0,ceb
2021,UNRoD,3131663.0,secretariat
2021,UNSCO,9737426.0,secretariat
2021,UNSCOL,8652800.0,secretariat
2021,UNSMIL,69131000.0,secretariat
2021,UNSOM,95143253.0,secretariat
2021,UNSOS,525615700.0,secretariat
2021,UNSSC,14638261.0,ceb
2021,UNTSO,35133493.0,secretariat
2021,UNU,78153508.0,ceb
2021,UNV,31065880.0,ceb
2021,UNVMC,56030500.0,secretariat
2021,UPU,85174592.34685417,ceb
2021,VRA,1222126.0,secretariat
2021,WFP,9406985909.151741,ceb
2021,WHO,3718623266.85,ceb
2021,WIPO,387663679.74,ceb
2021,WMO,86887093.03118291,ceb
2021,WTO,284154514.54,ceb
2022,ACABQ,6927175.0,secretariat
2022,AMISOM,11773562.0,secretariat
2022,ASM-AQMT,5827500.0,secretariat
2022,BINUH,23017493.0,secretariat
2022,BOA,3467390.0,secretariat
2022,CEB,1513263.0,secretariat
2022,CMP-CYPRUS,445136.0,secretariat
2022,CNMC,6013731.0,secretariat
2022,COC,292560.0,secretariat
2022,CONS,112760540.0,secretariat
2022,CPC,599716.0,secretariat
2022,CTBTO,116556665.0,ceb
2022,CTED,11647188.0,secretariat
2022,DCO,238224199.0,secretariat
2022,DESA,144000776.0,secretariat
2022,DEV-ACCT,16199400.0,secretariat
2022,DGACM,320413268.0,secretariat
2022,DGC,107778470.0,secretariat
2022,DHIP,115033.0,secretariat
2022,DMSPC,141649673.0,secretariat
2022,DOS,205722837.0,secretariat
2022,DPO,115379973.0,secretariat
2022,DPPA,89009037.0,secretariat
2022,DSS,136294255.0,secretariat
2022,ECA,90248096.0,secretariat
2022,ECCC,4847718.0,secretariat
2022,ECE,59755713.0,secretariat
2022,ECLAC,75444677.0,secretariat
2022,EO,3161419.0,secretariat
2022,EOSG,42748548.0,secretariat
2022,ESCAP,75968084.0,secretariat
2022,ESCWA,56846471.0,secretariat
2022,FAO,1942174005.0,ceb
2022,GA,2676370.0,secretariat
2022,GoE-DRC,1272400.0,secretariat
2022,HSU,8868617.0,secretariat
2022,IAAC,482274.0,secretariat
2022,IAEA,686985090.5,ceb
2022,IARC,51288503.73,ceb
2022,ICAO,198918168.83,ceb
2022,ICC,174399899.94,ceb
2022,ICJ,27001910.0,secretariat
2022,ICSC,4329734.0,secretariat
2022,IFAD,219641199.0,ceb
2022,IIIM,21550554.0,secretariat
2022,IIMM,13849077.0,secretariat
2022,ILO,790727133.0,ceb
2022,IMO,64816691.949999996,ceb
2022,IOM,2922821978.0,ceb
2022,IRMCT,85716000.0,ceb
2022,ISA,12585198.0,ceb
2022,ITC,158451785.0,ceb
2022,ITLOS,17600617.68,ceb
2022,ITU,218869984.86,ceb
2022,JIU,2395561.0,secretariat
2022,JPO,50398640.0,secretariat
2022,MICT,90979360.0,secretariat
2022,MINURSO,55851000.0,secretariat
2022,MINUSCA,1036799281.0,secretariat
2022,MINUSMA,1178885036.0,secretariat
2022,MONUSCO,1018858197.0,secretariat
2022,MPTF-CVD,-652862.0,secretariat
2022,MPTF-HTI,4852699.0,secretariat
2022,MPTF-PBF,185333009.0,secretariat
2022,OAJ,10004535.0,secretariat
2022,OCHA,2471660991.0,secretariat
2022,OCT,54505199.0,secretariat
2022,ODA,31623365.0,secretariat
2022,ODET,-143164.0,secretariat
2022,OHCHR,385142166.0,secretariat
2022,OICT,70259119.0,secretariat
2022,OIOS,52044226.0,secretariat
2022,OJSRS,13721896.0,secretariat
2022,OLA,36463410.0,secretariat
2022,OMBUD,5496150.0,secretariat
2022,OMBUD-RES1904,621300.0,secretariat
2022,OOSA,5764105.0,secretariat
2022,OPCW,88672666.67,ceb
2022,OPGA,2335982.0,secretariat
2022,OSAA,5743471.0,secretariat
2022,OSASG-Cyprus,2523500.0,secretariat
2022,OSCS,1471468.0,secretariat
2022,OSESG-FG,-4900.0,secretariat
2022,OSESG-GL,4887049.0,secretariat
2022,OSESG-Horn,1586100.0,secretariat
2022,OSESG-Myanmar,1887761.0,secretariat
2022,OSESG-SCRES1559,393400.0,secretariat
2022,OSESG-Yemen,16240600.0,secretariat
2022,OSLA,125000.0,secretariat
2022,OSRSG-CAAC,4488022.0,secretariat
2022,OSRSG-SVC,5569067.0,secretariat
2022,OSRSG-VAC,2928619.0,secretariat
2022,OTHER,5477892.0,secretariat
2022,PAHO,1435675930.0,ceb
2022,PESG-WS,267900.0,secretariat
2022,POE-DPRK,2943900.0,secretariat
2022,POE-MALI,852600.0,secretariat
2022,POE-SOMALIA,1472200.0,secretariat
2022,PoE-CAR,789200.0,secretariat
2022,PoE-Haiti,1500.0,secretariat
2022,PoE-Libya,1223300.0,secretariat
2022,PoE-S.Sudan,1013000.0,secretariat
2022,PoE-Sudan,956900.0,secretariat
2022,PoE-Yemen,1926200.0,secretariat
2022,RSCE,41571600.0,secretariat
2022,RSCSL,2453647.0,secretariat
2022,SASG-PGENOCIDE,2393600.0,secretariat
2022,SC-RES1540,2598200.0,secretariat
2022,SC-RES2231,1230600.0,secretariat
2022,SPM,213.0,secretariat
2022,STA,284937022.0,secretariat
2022,STL,6000000.0,secretariat
2022,SWEO,6.0,secretariat
2022,Special Expenses,82649765.0,secretariat
2022,UN Tourism,29859653.88,ceb
2022,UN Women,550262100.0,ceb
2022,UN-Habitat,419232424.0,ceb
2022,UN-OHRLLS,9085802.0,secretariat
2022,UNAIDS,194763468.0,ceb
2022,UNAKRT,7341577.0,secretariat
2022,UNAMA,134131514.0,secretariat
2022,UNAMI,99379895.0,secretariat
2022,UNAMID,64886545.0,secretariat
2022,UNAOC,5584751.0,secretariat
2022,UNCCD,23021228.0,ceb
2022,UNCDF,116211137.0,ceb
2022,UNCTAD,123510575.0,secretariat
2022,UNDOF,61197700.0,secretariat
2022,UNDP,5317255342.0,ceb
2022,UNDRR,54345585.0,secretariat
2022,UNEP,648791530.0,ceb
2022,UNESCO,682559164.0,ceb
2022,UNFCCC,132507131.0,ceb
2022,UNFICYP,52139220.0,secretariat
2022,UNFPA,1442843391.0,ceb
2022,UNGC,8025892.0,secretariat
2022,UNHCR,5361688945.0,ceb
2022,UNICEF,8541219182.0,ceb
2022,UNICRI,10131153.0,ceb
2022,UNIDIR,7251044.0,secretariat
2022,UNIDO,330112180.02,ceb
2022,UNIFIL,476825800.0,secretariat
2022,UNIOGBIS,-4900.0,secretariat
2022,UNISFA,326810000.0,secretariat
2022,UNITAD,32453265.0,secretariat
2022,UNITAID,189680000.0,ceb
2022,UNITAMS,57333938.0,secretariat
2022,UNITAR,41360976.0,ceb
2022,UNJSPB,5172001.0,secretariat
2022,UNLB,65621700.0,secretariat
2022,UNMAS,62102555.0,secretariat
2022,UNMHA,29531000.0,secretariat
2022,UNMIK,40612608.0,secretariat
2022,UNMISS,1115765422.0,secretariat
2022,UNMOGIP,9549542.0,secretariat
2022,UNOAU,9795302.0,secretariat
2022,UNOCA,8044200.0,secretariat
2022,UNODC,419337757.0,ceb
2022,UNOG,87712014.0,secretariat
2022,UNON,19502860.0,secretariat
2022,UNOP,40481602.0,secretariat
2022,UNOPS,1222875603.0,ceb
2022,UNOV,22647368.0,secretariat
2022,UNOWAS,14526500.0,secretariat
2022,UNRCCA,3011100.0,secretariat
2022,UNRGID,1745400.0,secretariat
2022,UNRISD,3351062.0,secretariat
2022,UNRWA,1312390153.0,ceb
2022,UNRoD,3419071.0,secretariat
2022,UNSCO,10013323.0,secretariat
2022,UNSCOL,10275700.0,secretariat
2022,UNSMIL,82340900.0,secretariat
2022,UNSOM,100519780.0,secretariat
2022,UNSOS,516411000.0,secretariat
2022,UNSSC,15248460.0,ceb
2022,UNTSO,38961945.0,secretariat
2022,UNU,146106641.0,ceb
2022,UNV,30296820.0,ceb
2022,UNVMC,61117600.0,secretariat
2022,UPU,80576263.27,ceb
2022,VRA,1840181.0,secretariat
2022,WFP,12238902479.0,ceb
2022,WHO,3847784184.0,ceb
2022,WIPO,394548791.96,ceb
2022,WMO,104796316.36999999,ceb
2022,WTO,308029763.81,ceb
2023,ACABQ,7592143.0,secretariat
2023,AMISOM,12576285.0,secretariat
2023,ASM-AQMT,6091646.0,secretariat
2023,BINUH,28560715.0,secretariat
2023,BOA,3856040.0,secretariat
2023,CEB,1413210.0,secretariat
2023,CMP-CYPRUS,515323.0,secretariat
2023,CNMC,5034120.0,secretariat
2023,COC,320083.0,secretariat
2023,CONS,83406415.0,secretariat
2023,CPC,682335.0,secretariat
2023,CTBTO,128643691.0,ceb
2023,CTED,10786275.0,secretariat
2023,DCO,229044840.0,secretariat
2023,DESA,153668246.0,secretariat
2023,DEV-ACCT,16491300.0,secretariat
2023,DGACM,331538480.0,secretariat
2023,DGC,113928223.0,secretariat
2023,DHIP,60320.0,secretariat
2023,DMSPC,146995686.0,secretariat
2023,DOS,219041790.0,secretariat
2023,DPO,130107938.0,secretariat
2023,DPPA,94128026.0,secretariat
2023,DSS,141099350.0,secretariat
2023,ECA,135006745.0,secretariat
2023,ECCC,2959025.0,secretariat
2023,ECE,62134661.0,secretariat
2023,ECLAC,79800615.0,secretariat
2023,EO,2964164.0,secretariat
2023,EOSG,43336730.0,secretariat
2023,ESCAP,82733222.0,secretariat
2023,ESCWA,60541777.0,secretariat
2023,FAO,2119226684.0,ceb
2023,GA,2695375.0,secretariat
2023,GoE-DRC,1366790.0,secretariat
2023,HSU,11491774.0,secretariat
2023,IAAC,574524.0,secretariat
2023,IAEA,750331853.5,ceb
2023,IARC,50646048.83,ceb
2023,ICAO,247071089.48,ceb
2023,ICC,200657524.94,ceb
2023,ICJ,28492580.0,secretariat
2023,ICSC,4591700.0,secretariat
2023,IFAD,226278973.0,ceb
2023,IIIM,26422827.0,secretariat
2023,IIMM,15614557.0,secretariat
2023,ILO,851273122.0,ceb
2023,IMO,87390237.55,ceb
2023,IOM,3419345478.0,ceb
2023,IRMCT,79295000.0,ceb
2023,ISA,12313795.0,ceb
2023,ITC,158784000.0,ceb
2023,ITLOS,17799912.32,ceb
2023,ITU,260743712.59,ceb
2023,JIU,2612400.0,secretariat
2023,JPO,58199505.0,secretariat
2023,MICT,79155081.0,secretariat
2023,MINURSO,57863500.0,secretariat
2023,MINUSCA,1074656729.0,secretariat
2023,MINUSMA,1204516505.0,secretariat
2023,MONUSCO,1015833760.0,secretariat
2023,MPTF-CVD,-1112102.0,secretariat
2023,MPTF-HTI,-21915.0,secretariat
2023,MPTF-PBF,157125599.0,secretariat
2023,OAJ,10420382.0,secretariat
2023,OCHA,2289219334.0,secretariat
2023,OCT,54576190.0,secretariat
2023,ODA,26248672.0,secretariat
2023,ODET,197591.0,secretariat
2023,OHCHR,443198164.0,secretariat
2023,OICT,73586831.0,secretariat
2023,OIOS,54744842.0,secretariat
2023,OJSRS,13255091.0,secretariat
2023,OLA,40079671.0,secretariat
2023,OMBUD,6213864.0,secretariat
2023,OMBUD-RES1904,778330.0,secretariat
2023,OOSA,5913100.0,secretariat
2023,OPCW,94172092.12,ceb
2023,OPGA,2064000.0,secretariat
2023,OSAA,6589071.0,secretariat
2023,OSASG-Cyprus,2840363.0,secretariat
2023,OSC-SEA,976031.0,secretariat
2023,OSCS,1182836.0,secretariat
2023,OSESG-FG,78673.0,secretariat
2023,OSESG-GL,5971262.0,secretariat
2023,OSESG-Horn,1805601.0,secretariat
2023,OSESG-Myanmar,1562872.0,secretariat
2023,OSESG-SCRES1559,299153.0,secretariat
2023,OSESG-Yemen,16087001.0,secretariat
2023,OSLA,145700.0,secretariat
2023,OSRSG-CAAC,4194662.0,secretariat
2023,OSRSG-SVC,7110412.0,secretariat
2023,OSRSG-VAC,3248386.0,secretariat
2023,OTHER,938438.0,secretariat
2023,PAHO,1098900000.0,ceb
2023,PESG-WS,264238.0,secretariat
2023,POE-DPRK,3065752.0,secretariat
2023,POE-MALI,690899.0,secretariat
2023,POE-SOMALIA,1632424.0,secretariat
2023,PoE-CAR,890627.0,secretariat
2023,PoE-Haiti,1402619.0,secretariat
2023,PoE-Libya,1178303.0,secretariat
2023,PoE-S.Sudan,1024641.0,secretariat
2023,PoE-Sudan,1011978.0,secretariat
2023,PoE-Yemen,2106053.0,secretariat
2023,RSCE,43874800.0,secretariat
2023,RSCSL,2639068.0,secretariat
2023,SASG-PGENOCIDE,2888746.0,secretariat
2023,SC-RES1540,2280122.0,secretariat
2023,SC-RES2231,1397445.0,secretariat
2023,STA,305372603.0,secretariat
2023,STL,2776160.0,secretariat
2023,SWEO,110927.0,secretariat
2023,Special Expenses,84076266.0,secretariat
2023,UN Tourism,34570738.06,ceb
2023,UN Women,556576388.0,ceb
2023,UN-Habitat,336931048.0,ceb
2023,UN-OHRLLS,10551265.0,secretariat
2023,UNAIDS,204147862.0,ceb
2023,UNAKRT,5693410.0,secretariat
2023,UNAMA,129063743.0,secretariat
2023,UNAMI,100082806.0,secretariat
2023,UNAMID,-5054.0,secretariat
2023,UNAOC,4231429.0,secretariat
2023,UNCCD,26920603.0,ceb
2023,UNCDF,100780000.0,ceb
2023,UNCTAD,135192234.0,secretariat
2023,UNDOF,64987600.0,secretariat
2023,UNDP,5556748182.0,ceb
2023,UNDRR,51028540.0,secretariat
2023,UNEP,692801093.0,ceb
2023,UNESCO,738221437.0,ceb
2023,UNFCCC,124311217.0,ceb
2023,UNFICYP,53027280.0,secretariat
2023,UNFPA,1510418278.0,ceb
2023,UNGC,9150471.0,secretariat
2023,UNHCR,5319731209.0,ceb
2023,UNICEF,9036662000.0,ceb
2023,UNICRI,11830552.0,ceb
2023,UNIDIR,10047138.0,secretariat
2023,UNIDO,372756564.96000004,ceb
2023,UNIFIL,502919100.0,secretariat
2023,UNIOGBIS,26703.0,secretariat
2023,UNISFA,267775400.0,secretariat
2023,UNITAD,32392862.0,secretariat
2023,UNITAID,193365000.0,ceb
2023,UNITAMS,66320782.0,secretariat
2023,UNITAR,49474820.0,ceb
2023,UNJSPB,5456228.0,secretariat
2023,UNLB,64295500.0,secretariat
2023,UNMAS,39429383.0,secretariat
2023,UNMHA,32870731.0,secretariat
2023,UNMIK,40665892.0,secretariat
2023,UNMISS,1122421198.0,secretariat
2023,UNMOGIP,9968438.0,secretariat
2023,UNOAU,10950574.0,secretariat
2023,UNOCA,8158542.0,secretariat
2023,UNODC,463228582.0,ceb
2023,UNOG,85881548.0,secretariat
2023,UNON,21568860.0,secretariat
2023,UNOP,26861656.0,secretariat
2023,UNOPS,1238762299.0,ceb
2023,UNOV,21541461.0,secretariat
2023,UNOWAS,14806097.0,secretariat
2023,UNRCCA,3244150.0,secretariat
2023,UNRGID,1770389.0,secretariat
2023,UNRISD,3424395.0,secretariat
2023,UNRWA,1460546302.0,ceb
2023,UNRoD,3240883.0,secretariat
2023,UNSCO,10563139.0,secretariat
2023,UNSCOL,10923973.0,secretariat
2023,UNSMIL,86197667.0,secretariat
2023,UNSOM,96377169.0,secretariat
2023,UNSOS,517284000.0,secretariat
2023,UNSSC,19567298.0,ceb
2023,UNTSO,40224031.0,secretariat
2023,UNU,81439290.0,ceb
2023,UNV,27384901.0,ceb
2023,UNVMC,68380078.0,secretariat
2023,UNYO,836785.0,secretariat
2023,UPU,108758261.07,ceb
2023,VRA,2569781.0,secretariat
2023,WFP,10747959271.0,ceb
2023,WHO,4110910457.0,ceb
2023,WIPO,474309744.84,ceb
2023,WMO,125641916.17,ceb
2023,WTO,314202918.53999996,ceb
2024,CTBTO,134037685.0,ceb
2024,FAO,2186386840.0,ceb
2024,IAEA,778994791.7,ceb
2024,IARC,55071631.25,ceb
2024,ICAO,214536170.59,ceb
2024,ICC,203060819.85,ceb
2024,IFAD,245195041.0,ceb
2024,ILO,858209541.0,ceb
2024,IMO,87073919.6,ceb
2024,IOM,3672506691.0,ceb
2024,IRMCT,95155000.0,ceb
2024,ISA,12694266.0,ceb
2024,ITC,172302246.0,ceb
2024,ITLOS,19685035.42,ceb
2024,ITU,246410344.11999997,ceb
2024,OPCW,86550647.92,ceb
2024,PAHO,1120053425.0,ceb
2024,UN,7600990348.0,ceb
2024,UN Tourism,33355633.33,ceb
2024,UN Women,622770150.4138006,ceb
2024,UN-DPO,7341051634.0,ceb
2024,UN-Habitat,188263637.0,ceb
2024,UNAIDS,203716004.0,ceb
2024,UNCCD,40130111.0,ceb
2024,UNCDF,84896540.0,ceb
2024,UNDP,5315326809.0,ceb
2024,UNEP,808063860.0,ceb
2024,UNESCO,848684009.0,ceb
2024,UNFCCC,122381813.0,ceb
2024,UNFPA,1528012969.0,ceb
2024,UNHCR,4894644082.0,ceb
2024,UNICEF,8514715187.0,ceb
2024,UNICRI,12357569.0,ceb
2024,UNIDO,324950524.95,ceb
2024,UNITAID,177041000.0,ceb
2024,UNITAR,57387688.0,ceb
2024,UNODC,472440639.0,ceb
2024,UNOPS,1481769343.0,ceb
2024,UNRWA,1273233663.0,ceb
2024,UNSSC,21569087.0,ceb
2024,UNU,80479703.0,ceb
2024,UNV,27195265.0,ceb
2024,UPU,91055422.86,ceb
2024,WFP,9158082718.0,ceb
2024,WHO,3763352772.0,ceb
2024,WIPO,436827954.47,ceb
2024,WMO,124774694.85,ceb
2024,WTO,201589364.08,ceb
